{"d_model": 192, "n_heads": 4, "n_layers": 4, "running_mean": 18.57463264465332, "running_std": 220.73788452148438}